{
  "urls": ["sounds/sprite.oga", "sounds/sprite.mp3"],
  "sprite": {
    "fall": [0, 204.05895691609976],
    "hit-floor": [2000, 2000],
    "hit-other-ball-ko": [5000, 468.7528344671206],
    "hit-other-ball-ok": [7000, 500],
    "hit-same-ball": [9000, 1000],
    "hit-wall": [11000, 1835.941043083901],
    "level": [14000, 2947.0068027210878],
    "life-down": [18000, 1000],
    "life-up": [20000, 1000],
    "throw": [22000, 797.1201814058943]
  }
}
